"id","product_id","colour","style_name"
1,1,Black/Black/Multi-Colour,DD7099-001
2,1,Fossil Stone/Fossil Stone/Multi-Colour,DD7099-200
3,1,White/White/Multi-Colour,DD7099-100
4,2,Cargo Khaki/Black/White/Cargo Khaki,DQ5570-300
5,2,Hemp/Hemp/White/Hemp,DQ5570-200
6,3,White/Summit White/Gum Light Brown/Black,DA2045-100
7,3,Medium Olive/White/White/Sail,DA2045-201
8,4,Cargo Khaki/Sequoia/Summit White/Volt,DC1456-300
9,4,Black/White,DC1456-001
10,5,White/University Red,AR8836-177
11,5,White/White/Black,AR8836-100
12,5,Black/White,AR8836-005
13,7,Black/University Red/White/Anthracite,BQ3204-003
14,7,Black/Anthracite/White,BQ3204-002
15,11,Pure Platinum/Lilac/Ghost/Atomic Orange,DA1349-001
16,11,Black/White,DA1349-004
17,12,Court Blue/Imperial Blue/Black,AO3621-408
18,12,White/Black/White,AO3621-100
19,12,Midnight Navy/Wolf Grey/White/Midnight Navy,AO3621-407
20,12,Black/White,AO3621-001
21,14,Black/Anthracite/Black/Metallic Pewter,DH0558-001
22,14,Plum Fog/Summit White/Black/Metallic Silver,DH0558-500
23,14,Multi-Colour/Multi-Colour/Multi-Colour/Multi-Colour,DJ3180-991
24,15,Black/Pure Platinum/Wolf Grey/White,CI9923-008
25,15,Barely Volt/Volt/Hyper Orange/Black,CI9923-700
26,15,Black/Anthracite/Pure Platinum/White,CI9923-005
27,15,White/Pure Platinum/Black/Photo Blue,CI9923-104
28,15,Black/Volt/White,CI9923-001
29,15,Dark Smoke Grey/Pure Platinum/Iron Grey/Lime Glow,CI9923-007
30,16,Hemp/Light Soft Pink/White/Metallic Rose Gold,DD1523-200
31,16,White/Black/Metallic Silver,DD1523-100
32,16,Black/White/Metallic Gold,DD1523-001
33,17,Black/Black/Black,CN9146-001
34,17,White/White/White,CN9146-101
35,19,Anthracite/Gym Red/Metallic Dark Grey/Black,CW3406-002
36,19,Black/White/Total Orange/Light Photo Blue,CW3406-003
37,19,Cool Grey/Metallic Silver/Wolf Grey/Black,CW3406-005
38,22,Cream II/Saturn Gold/White/Cream II,CW6536-200
39,22,Black/White,CW6536-001
40,24,White/Football Grey/Pink Blast/Black,DJ5408-100
41,24,Multi-Colour/Multi-Colour/Multi-Colour/Multi-Colour,DJ0964-991
42,25,Black/Dark Smoke Grey/White,DC6916-003
43,25,Grey Fog/Chambray Blue/Light Bone/Black,DC6916-001
44,26,Deep Royal Blue/Orange/University Gold/White,DC3433-400
45,26,Multi-Colour/Multi-Colour/Multi-Colour/Multi-Colour,DJ4856-991
46,30,Light Cognac/White/Metallic Gold/Light Cognac,DM0113-200
47,30,White/White/White,DM0113-100
48,31,Pure Platinum/Lime Glow/Emerald Green/Laser Blue,CT2357-007
49,31,Black/Gym Red/White,CT2357-006
50,31,Black/White/White,CT2357-002
51,31,Black/Black/Iron Grey/Black,CT2357-003
52,31,Black/Smoke Grey/Grey Fog/Metallic Gold,CT2357-009
53,32,Black/Summit White/Metallic Gold,DJ1518-001
54,32,Armoury Navy/Summit White/Cinnabar/Metallic Gold,DJ1518-400
55,32,Pale Coral/Crimson Bliss/Light Soft Pink/Metallic Gold,DJ1518-800
56,33,Archaeo Pink/Summit White/Sail/Archaeo Pink,DA7024-601
57,33,White/Photon Dust/Opti Yellow/Summit White,DA7024-101
58,33,Pink Foam/University Red/Black/Pink Foam,DA7024-600
59,34,Dark Beetroot/Armoury Navy/White/Yellow Strike,DD8014-600
60,34,Black/Sport Red/White,DD8014-001
61,34,Multi-Colour/Multi-Colour/Multi-Colour/Multi-Colour,DJ0966-991
62,35,Summit White/Bright Crimson/Black,CV5980-101
63,35,Pollen/Pale Coral/Black,CV5980-700
64,36,Coconut Milk/Hyper Royal/Light Lemon Twist/Bright Crimson,DA7995-101
65,36,Midnight Navy/Orange/Melon Tint/White,DA7995-401
66,36,Black/White/Orange/Black,DA7995-001
67,36,Multi-Colour/Multi-Colour/Multi-Colour/Multi-Colour,DJ0966-991
68,37,Moon Fossil/Black,DC9092-001
69,37,Amethyst Smoke/Black,DC9092-500
70,37,Redstone/Black,DC9092-600
71,44,Summit White/Photon Dust/Cyber Teal/Multi-Colour,DC4520-100
72,44,Multi-Colour/Multi-Colour/Multi-Colour/Multi-Colour,DJ0964-991
73,46,Barely Volt/Volt/Photon Dust/Black,DA6678-700
74,46,Multi-Colour/Multi-Colour/Multi-Colour/Multi-Colour,DJ0964-991
75,50,White/Football Grey/Pink Blast/Black,DJ5397-100
76,50,Multi-Colour/Multi-Colour/Multi-Colour/Multi-Colour,DJ0964-991
77,51,Aloe Verde/Rainforest/Spinach Green/University Gold,DA8854-300
78,51,Lilac/Copa/Dutch Blue/Court Blue,DA8854-500
79,51,Black/Wolf Grey/Cool Grey/White,DA8854-001
80,52,White/White/White,CI0919-100
81,52,White/Pink Oxford/Rose Whisper/Amethyst Ash,CI0919-113
82,52,White/Mint Foam/Football Grey/Atmosphere,CI0919-117
83,52,Sail/Fossil/Light Bone/Hemp,CI0919-116
84,52,Sail/Orange Chalk/Dark Obsidian/Pink Glaze,CI0919-111
85,52,White/Crimson Bliss/Lime Ice/Magic Ember,CI0919-110
86,52,Photon Dust/Black/University Blue/Malachite,CI0919-004
87,53,Black/Dark Smoke Grey/White,CW3408-002
88,53,Black/Light Photo Blue/Dark Pony/Melon Tint,CW3408-001
89,54,Chutney/Black/White,CN9676-700
90,54,Rush Orange/White/Black,CN9676-800
91,54,White/Black/Electric Purple/Habanero Red,CN9676-104
92,54,Rose Whisper/Active Pink/Light Curry/Sail,CN9676-600
93,54,Black/Black,CN9676-010
94,54,White/Wolf Grey/Pure Platinum/Metallic Gold,CN9676-103
95,54,Archaeo Brown/Black/Light Chocolate/Metallic Gold,CN9676-200
96,55,Rattan/Sandalwood/Sail/Thunder Blue,CZ8281-234
97,55,Black/Particle Grey/White/Pure Platinum,CZ8281-010
98,55,Light Smoke Grey/Violet Haze/Lilac/Black,CZ8281-005
99,55,Black/Volt/Iron Grey/White,CZ8281-017
100,55,Black/White/Racer Blue/Yellow Strike,CZ8281-074
101,56,Black/Sail/Total Orange/White,CT2405-011
102,56,Black/Anthracite/Volt/White,CT2405-001
103,56,Lime Blast/Imperial Blue/White/Black,CT2405-300
104,56,Barely Volt/Photon Dust/Hyper Orange/Black,CT2405-700
105,57,Black,DJ1196-002
106,57,Black/Black/Black,DJ1196-001
107,57,White/University Red/Black,DJ1196-101
108,57,White,DJ1196-100
109,59,Ghost/Ashen Slate/Obsidian Mist/Obsidian,DA3199-002
110,59,Pink Glaze/White/Black/Pink Glaze,DA3199-600
111,59,Flat Pewter/Medium Ash/White/Siren Red,DA3199-006
112,59,Black/Green Strike/Iron Grey/Chrome,DA3199-004
113,59,Black/Mystic Red/Cosmic Clay/White,DA3199-005
114,60,Sail/Light Lemon Twist/Black/Sail,DH9632-101
115,60,White/Particle Grey/Summit White,DH9632-100
116,64,Black/White/Yellow Strike/Fusion Red,CZ0170-004
117,64,Multi-Colour/Multi-Colour/Multi-Colour/Multi-Colour,DJ0977-991
118,65,Black/Magic Ember/White/Lime Ice,CT2423-008
119,65,Pink Glaze/Pink Foam/White,CT2423-600
120,65,Black/Ghost/Dark Smoke Grey/Metallic Gold,CT2423-009
121,65,Cave Purple/Black/Platinum Tint/Gypsy Rose,CT2423-501
122,65,Blue Tint/Dynamic Turquoise/White/Lava Glow,CT2423-400
123,66,Cave Purple/Pink Blast/Fierce Purple/Light Lemon Twist,DA0694-500
124,66,Black/Wolf Grey/Pink Blast/Metallic Silver,DA0694-002
125,66,Black/University Red/White,DA0694-003
126,66,White/Clear Emerald/Total Orange/Black,DA0694-101
127,66,Multi-Colour/Multi-Colour/Multi-Colour/Multi-Colour,DJ7027-991
128,67,University Red/Tour Yellow/Green Strike/Black,CT3550-600
129,67,Orange/White/Black,CT3550-800
130,67,Forest Green/Team Orange/White/Photo Blue,CT3550-300
131,67,Black/White/Black,CT3550-001
132,67,Black/Black/Black,CT3550-003
133,67,Multi-Colour/Multi-Colour,"846438-997"
134,68,White/Photon Dust/White,DA1468-100
135,68,Pure Platinum/Photon Dust/Summit White/Black,DA1468-004
136,68,Black/Dark Smoke Grey/White,DA1468-003
137,71,Laser Orange/Total Orange/Bright Crimson/Black,DC0812-808
138,71,Sapphire/Grey Fog/Blue Void/Volt,DC0812-570
139,71,White/Volt/Bright Crimson,DC0812-167
140,75,Black/Black/Multi-Colour,DJ9776-001
141,75,Fossil Stone/Fossil Stone/Multi-Colour,DJ9776-200
142,75,White/White/Multi-Colour,DJ9776-100
143,75,Multi-Colour/Multi-Colour/Multi-Colour/Multi-Colour,DJ0966-991
144,79,Phantom/White/University Red/Phantom,DO6146-001
145,79,White/White/Opti Yellow/White,DO6146-100
146,80,Black/White/Orange/University Gold,DM7602-001
147,80,Multi-Colour/Multi-Colour/Multi-Colour/Multi-Colour,DJ0964-991
148,82,Dark Beetroot/Archaeo Pink/Metallic Mahogany/Seafoam,CV3817-603
149,82,Ashen Slate/Psychic Purple/Black/Barely Green,CV3817-400
150,83,Dark Smoke Grey/Black/Green Strike/Chrome,DC0481-004
151,83,Pink Glaze/Light Violet Ore/Violet Ore/White,DC0481-601
152,83,Summit White/Amethyst Ash/Off-Noir/Metallic Red Bronze,DC0481-102
153,84,Total Orange/Orange Pulse/White,DC9164-800
154,84,White/Bright Crimson/Light Lemon Twist/Black,DC9164-100
155,86,Photon Dust/Magic Ember/Copa,CK0715-014
156,86,White/Bright Crimson/Pink Blast/Black,CK0715-103
157,89,Volt/Bright Crimson,CV0970-760
158,89,Multi-Colour/Multi-Colour/Multi-Colour/Multi-Colour,DD3090-991
159,90,Black/Dark Smoke Grey/White,DA1352-002
160,90,Cool Grey/Anthracite/Total Orange/White,DA1352-004
161,90,Light Iron Ore/Cobblestone/Gum Light Brown/Olive Grey,DA1352-030
162,90,Obsidian/Midnight Navy/Racer Blue/Wolf Grey,DA1352-434
163,91,Cool Grey/Dark Grey/White/Black,CU3579-001
164,91,Black/White,CU3579-002
165,92,Dark Beetroot/Black/White/Ashen Slate,CW3409-600
166,92,Black/Dark Smoke Grey/White,CW3409-002
167,92,Light Violet/Champagne/Metallic Red Bronze,CW3409-500
168,93,White/Pure Platinum/Metallic Platinum,CU4874-105
169,93,Black/White,CU4874-001
170,94,Barely Volt/Dynamic Turquoise/Iris Whisper/Black,CZ2853-700
171,94,Black/White/Black/White,CZ2853-003
172,96,Sequoia/Medium Olive/Brown Kelp/Sequoia,DD8024-300
173,96,Multi-Colour/Multi-Colour,DN4115-991
174,97,Aluminium/Black/Sail,DC9134-400
175,97,Black/Iron Grey/Pink Prime/White,DC9134-003
176,97,White/University Red/University Gold/Light Photo Blue,DC9134-100
177,97,Black/White/Multi-Colour,DC9134-001
178,97,Sea Glass/Metallic Gold/Clear Emerald/Dynamic Turquoise,DC9134-002
179,97,Amethyst Wave/Psychic Purple/Canyon Purple/Metallic Gold,DC9134-500
180,97,Multi-Colour/Multi-Colour,DN4116-991
181,98,White,CV7562-102
182,98,Light Smoke Grey/Black/White/Sunset Pulse,CV7562-005
183,99,Pomegranate/White,DB2880-601
184,99,White/Black,DB2880-101
185,99,Light Soft Pink/White,DB2880-600
186,99,Black/White,DB2880-002
187,99,Light Bone/Obsidian/White,DB2880-001
188,100,Pale Coral/Deep Royal Blue/Gum Medium Brown/Cashmere,DC2533-801
189,100,Black/Orange/White,DC2533-001
190,100,Active Fuchsia/Black/Coconut Milk/University Gold,DC2533-600
191,100,Multi-Colour/Multi-Colour/Multi-Colour/Multi-Colour,DJ0966-991
192,101,University Red/Cave Stone/Chile Red,DD9404-600
193,101,Safety Orange/University Blue/Team Orange,DD9404-800
194,101,Black/Saturn Gold/Yellow Strike,DD9404-001
195,101,Lemon Drop/Saturn Gold/Black,DD9404-700
196,102,Cream II/Orange/Black/White,DC2650-200
197,102,Lime Ice/Volt/White/Armoury Navy,DC2650-300
198,104,Black/Metallic Red Bronze/White,CV0742-002
199,104,White/Habanero Red/Pomegranate/Washed Teal,CV0742-136
200,105,Black/Off-Noir/Dark Smoke Grey/Iron Grey,DB2477-001
201,105,Sequoia/Medium Olive/Pink Glaze/Sail,DB2477-300
202,105,Lime Ice/Armoury Navy/Light Lemon Twist/White,DB2477-310
203,110,Black/Green Strike/Green Noise/Black,CZ0188-004
204,110,Pure Platinum/Medium Ash/Sangria/Pink Prime,CZ0188-006
205,110,Black/University Red/White,CZ0188-002
206,110,Black/Siren Red/Medium Ash/Washed Teal,CZ0188-005
207,110,Pink Foam/Fuchsia Glow/Dark Smoke Grey,CZ0188-600
208,112,Total Orange/Green Glow/Signal Blue/Obsidian,CZ1856-800
209,112,Smoke Grey/Dusty Sage/Laser Blue/Mint Foam,CZ1856-003
210,112,Black/Dark Beetroot/Dynamic Turquoise/Bright Crimson,CZ1856-001
211,116,Light Bone/University Gold/Black/Lethal Pink,DD1068-003
212,116,White/Magenta/Black/Neon Yellow,DD1068-104
213,116,White/Pure Platinum,DD1068-102
214,116,White/Deep Magenta/Black/Aquatone,DD1068-103
215,116,Black/Anthracite/Black,DD1068-002
216,116,Black/Black/White,DD1068-001
217,116,White/Bright Mango/Black/Purple,DD1068-101
218,118,Ghost Aqua/Aviator Grey/Black/Washed Teal,CW7358-401
219,118,Black/Off-Noir/Flash Crimson/Hyper Violet,CW7358-011
220,118,White/Light Soft Pink/Grey Fog/Barely Green,CW7358-104
221,118,Champagne/Barely Rose/Arctic Pink/White,CW7358-601
222,118,White/Iris Whisper/Pink Prime/Mystic Hibiscus,CW7358-106
223,118,Mystic Navy/Armoury Navy/Off-White/Light Marine,CW7358-400
224,118,Black/Anthracite/Volt/White,CW7358-002
225,118,Black/Thunder Blue/Ashen Slate/Metallic Gold Coin,CW7358-004
226,120,Laser Orange/Total Orange/Bright Crimson/Black,DC0818-808
227,120,Sapphire/Grey Fog/Blue Void/Volt,DC0818-570
228,121,White/Gypsy Rose/Metallic Silver/Thunder Blue,DC9454-100
229,121,Black/Metallic Silver/Black,DC9454-001
230,121,Plum Fog/Grey Fog/Metallic Silver/Plum Fog,DC9454-500
231,122,Magic Ember/Track Red/Metallic Silver/Magic Ember,DC4112-800
232,122,White/Pure Platinum/Metallic Silver/White,DC4112-100
233,122,Light Bone/Lime Ice/Ghost/Black,DC4112-003
234,122,Black/Metallic Silver/White,DC4112-002
235,123,Black/White/University Red,CZ0105-006
236,123,Grey Fog/Sapphire/Total Orange/Black,CZ0105-004
237,129,Black/White/Metallic Gold,DH0070-001
238,129,White/Black/Metallic Silver,DH0070-100
239,130,Trails End Brown/Prism Violet/Bright Mandarin/Pitch,DC9554-201
240,130,Birch/Hyper Royal/Rattan/Bright Mandarin,DC9554-200
241,131,Barely Volt/Hyper Orange/Volt/Black,CT2392-700
242,131,Dark Smoke Grey/Magnet Grey/Black/Metallic Silver,CT2392-002
243,131,Summit White/Pure Platinum/Imperial Blue/Lime Glow,CT2392-100
244,131,Black/Anthracite/Hyper Violet/Black,CT2392-004
245,131,Black/Anthracite/Racer Blue/White,CT2392-001
246,131,Wolf Grey/Photo Blue/Black/White,CT2392-005
247,132,Aura/Ocean Cube/Black/Summit White,DH4439-400
248,132,White/Magenta/Black/Neon Yellow,DH4439-101
249,132,White/Pure Platinum,DH4439-102
250,132,White/Electric Purple/Black,DH4439-105
251,132,Black/Anthracite/Black,DH4439-001
252,133,White/Black/University Red,DD0418-101
253,133,White/Blue Void/Dutch Blue,DD0418-100
254,133,Black/Anthracite/Black,DD0418-003
255,133,Dutch Blue/Lime Glow/White/Pomegranate,DD0418-400
256,135,Black/Light Bone/White/Sunset,CV0724-003
257,135,White/Grey Fog/Black,CV0724-101
258,135,White/Habanero Red/Pomegranate/Washed Teal,CV0724-136
259,136,Summit White/Coconut Milk/Summit White/Silver,DC3590-101
260,136,Summit White/Summit White/Coconut Milk/Gym Red,DC3590-100
261,136,Sail/Sail/Sail,DC3590-102
262,138,Cargo Khaki/Sequoia/Photon Dust/Pearl White,CD3476-300
263,138,Multi-Colour/Total Orange/Orange/Photon Dust,CD3476-900
264,139,Black/White/Anthracite,DA1102-001
265,139,Dark Grey/Black/Hyper Royal/Hyper Crimson,DA1102-004
266,141,Cave Purple/Lilac/Light Lemon Twist,CW7415-501
267,141,Light Smoke Grey/Green Strike/Chrome,CW7415-007
268,141,Copa/Magic Ember/White,CW7415-402
269,142,Black/Lapis/Light Thistle/Bright Mango,CZ1864-003
270,142,Wolf Grey/Diffused Blue/Light Marine/Barely Green,CZ1864-004
271,142,Dark Teal Green/Armoury Navy/Pink Glow/Ghost,CZ1864-301
272,142,Canyon Purple/Atmosphere Grey/Habanero Red/Black,CZ1864-500
273,148,Black/Total Orange/Clear Emerald/White,CT1243-083
274,148,Black/Chile Red/Magic Ember/White,CT1243-006
275,149,White/Laser Orange/Dynamic Turquoise/Black,DA3129-101
276,149,Light Smoke Grey/Smoke Grey/Black/Total Orange,DA3129-008
277,149,Black/Hyper Royal/White,DA3129-004
278,149,Cone/Hyper Jade/Persian Violet/Black,DA3129-800
279,149,Carbon Green/Asparagus/Beach/Black,DA3129-300
280,151,Black/Orange/Black/Dark Smoke Grey,DB9953-001
281,151,Fossil Stone/Orange/Fossil Stone/Black,DB9953-201
282,152,Laser Orange/Total Orange/Bright Crimson/Black,DC0813-808
283,152,Sapphire/Grey Fog/Blue Void/Volt,DC0813-570
284,154,Black/Black/Anthracite/Black,DB1550-001
285,154,Black/White/Anthracite/Black,DB1550-006
286,154,White/Black/Metallic Silver/White,DB1550-100
287,155,Gypsy Rose/Summit White/Sail/Gypsy Rose,DO6147-601
288,155,White/White/Opti Yellow/White,DO6147-100
289,156,Phantom/Summit White/Hyper Blue/Bright Crimson,CU4826-004
290,156,Iron Grey/Photon Dust/White/Black,CU4826-006
291,156,Black/Black/Bright Crimson/White,CU4826-002
292,156,White/Black/University Red,CU4826-101
293,158,Pollen/Pink Blast/Black,CU9224-700
294,158,Dark Obsidian/Hyper Jade/Hyper Jade/White,CU9224-400
295,159,Amethyst Wave/Amethyst Ash/Volt/Black,DN4696-500
296,159,Burnt Sunrise/Light Orewood Brown/Malachite/Mystic Hibiscus,DN4696-800
297,159,Summit White/Rattan/Volt/Black,DN4696-101
298,159,Sail/Summit White/Venice/Light Soft Pink,DN4696-100
299,159,Multi-Colour/Multi-Colour/Multi-Colour/Multi-Colour,DJ0966-991
300,161,Black/Light Soft Pink/Gypsy Rose/Metallic Mahogany,CT1249-069
301,161,Cave Purple/Magic Ember/Light Soft Pink/Lime Ice,CT1249-558
302,162,Hasta/Iron Grey/Cave Stone/Anthracite,DC5330-301
303,162,Chlorophyll/Treeline/Phantom/Camellia,DC5330-300
304,164,College Grey/Celestine Blue/White/Summit White,CW0913-004
305,164,Grey Fog/Sail/College Grey/Black,CW0913-005
306,165,Aluminium/Black/Bright Crimson/Sail,DD0334-400
307,165,White/University Red/University Gold/Light Photo Blue,DD0334-100
308,165,Amethyst Wave/Psychic Purple/Canyon Purple/Metallic Gold,DD0334-500
309,165,Black/White/Team Orange/Multi-Colour,DD0334-001
310,166,Pure Platinum/Off-White/Photo Blue/White,CZ1884-008
311,166,Anthracite/Medium Ash/Kumquat/Blackened Blue,CZ1884-007
312,166,Black/Dark Smoke Grey/Black,CZ1884-006
313,166,Black/Dynamic Turquoise/Anthracite,CZ1884-005
314,166,Bronze Eclipse/Dark Pony/Black,CZ1884-200
315,166,Black/Off-Noir/Black,CZ1884-004
316,166,Black,CZ1884-001
317,169,Dark Beetroot/Black/Bright Crimson/Wheat,DA8697-600
318,169,Total Orange/Wolf Grey/Obsidian/Signal Blue,DA8697-800
319,171,Black/Anthracite/Volt/White,DA6674-001
320,171,Multi-Colour/Multi-Colour/Multi-Colour/Multi-Colour,DJ0964-991
321,172,Black/Anthracite/Volt/White,CZ1815-002
322,172,Multi-Colour/Multi-Colour/Multi-Colour/Multi-Colour,DJ0964-991
323,174,Black/Gym Red/Light Bone/White,CK7513-005
324,174,Summit White/White/Wheat/University Gold,CK7513-155
325,178,University Red/Sail/Blackened Blue,CT4894-600
326,178,Midnight Spruce/Sail/Deep Burgundy,CT4894-300
327,182,Black/White,DC3432-008
328,182,Pure Platinum/White/Obsidian,DC3432-007
329,183,Laser Orange/Total Orange/Bright Crimson/Black,CZ9889-808
330,183,Sapphire/Grey Fog/Blue Void/Volt,CZ9889-570
331,183,College Navy,CZ9889-415
332,184,White/Washed Teal/Red Plum,DD1579-153
333,184,Black/Metallic Silver,DD1579-001
334,185,Pure Platinum/Black/Dutch Blue/Photo Blue,CW7356-009
335,185,White/Pure Platinum/Wolf Grey/Imperial Blue,CW7356-103
336,185,Black/Anthracite/Volt/White,CW7356-002
337,185,Photon Dust/Light Smoke Grey/Particle Grey/Metallic Gold Coin,CW7356-007
338,185,Black/Anthracite/Volt/Black,CW7356-001
339,185,Barely Volt/Volt/Photon Dust/Black,CW7356-700
340,185,Anthracite/Black/Kumquat/Photon Dust,CW7356-010
341,185,Black/Dark Smoke Grey/Particle Grey/Light Crimson,CW7356-008
342,185,Black/Off-Noir/Hyper Violet/Flash Crimson,CW7356-011
343,185,Multi-Colour/Multi-Colour,DN4118-991
344,187,Black/White,DC1458-001
345,187,Barely Rose/White/White,DC1458-600
346,189,Black/White,DA4117-024
347,189,White/Photon Dust/Black/Pink Prime,DA4117-105
348,189,Black/White/Pomegranate/Metallic Gold,DA4117-001
349,191,Rattan/Khaki/Light Bone/White,CZ0332-201
350,191,Medium Olive/Light Stone/Summit White/Oil Green,CZ0332-200
351,192,Particle Grey/Armoury Navy/Light Bone/Dark Citron,DH3157-003
352,192,Flat Pewter/Medium Ash/Black/Siren Red,DH3157-004
353,193,Light Chocolate/Dark Driftwood/Black/Black,DC8902-200
354,193,Black/Iron Grey/Black/Smoke Grey,DC8902-001
355,195,Summit White/Pale Coral/Metallic Gold/Cave Purple,DJ1454-100
356,195,Black/Metallic Gold/Summit White,DJ1454-001
357,196,Imperial Blue/Court Blue/White/Lime Glow,CW7121-402
358,196,Black/Dark Smoke Grey/Particle Grey/Metallic Gold,CW7121-005
359,196,Black/Smoke Grey/White,CW7121-001
360,196,Black/Siren Red/White/Green Strike,CW7121-006
361,200,Mystic Navy/Armoury Navy/Light Marine/Volt,CT2401-400
362,200,Black/Off-Noir/Anthracite/White,CT2401-001
363,200,Hyper Violet/Flash Crimson/Football Grey/Black,CT2401-501
364,200,Football Grey/White/Sapphire/Fire Pink,CT2401-003
365,200,Lava Glow/Racer Pink/Black/White,CT2401-600
366,200,Barely Volt/Dynamic Turquoise/Volt/Black,CT2401-700
367,202,Multi-Colour/White/White,CZ0202-900
368,202,Desert Ore/Tech Grey/Blue Glow/Hyper Crimson,CZ0202-200
369,204,Black/Metallic Silver/Total Orange/Summit White,DJ3624-001
370,204,Team Royal/Red Clay/Light Bone/Summit White,DJ3624-400
371,204,Grey Fog/Black/Gum Light Brown/Summit White,DJ3624-002
372,206,Summit White/Team Orange/Velvet Brown/Summit White,DJ6229-100
373,206,Velvet Brown/Noble Green/Light Bone/Velvet Brown,DJ6229-200
374,207,Limestone/Khaki/Sandalwood/Reflect Silver,DM0840-200
375,207,Off-Noir/Black/Olive Grey,DM0840-001
376,208,White/Dynamic Turquoise/Lava Glow/Hydrogen Blue,CT2229-102
377,208,Black/Sail/Metallic Gold,CT2229-004
378,208,Black/Iron Grey/Volt/White,CT2229-001
379,215,Light Soft Pink/Pearl White/White/Summit White,DM0839-600
380,215,Violet Ore/White/Light Violet Ore,DM0839-200
381,217,Light Marine/Football Grey/White/Mystic Navy,DA7698-500
382,217,Black/Ghost Aqua/Marina/Aurora Green,DA7698-006
383,217,White/Pure Platinum/Dynamic Turquoise/Lava Glow,DA7698-101
384,218,Shadow/Black/Midnight Navy,DH8143-400
385,218,Praline/Vine/Black/Umber,DH8143-201
386,218,Toadstool/Chestnut Brown/Black,DH8143-200
387,221,Black/Black/Black/White,BV2078-001
388,221,Rattan/Noble Green/Safety Orange/Black,BV2078-201
389,221,Beach/Topaz Gold/Bright Crimson/Black,BV2078-200
390,222,Mystic Hibiscus/Rush Pink/Light Curry/Blackened Blue,DB0522-600
391,222,Black/Dark Smoke Grey/White,DB0522-002
392,222,Black/Hyper Pink/Dark Smoke Grey/Black,DB0522-005
393,223,Volt/Bright Crimson,CV0978-760
394,223,Multi-Colour/Multi-Colour/Multi-Colour/Multi-Colour,DD3090-991
395,224,Wolf Grey/Cool Grey/Total Orange/White,DA1350-007
396,224,Black/Anthracite/White,DA1350-003
397,225,Plum Chalk/Pink Foam/White,CW7136-500
398,225,White/Pink Prime/Venice,CW7136-102
399,225,White/Light Soft Pink/Pink Glaze,CW7136-101
400,225,Archaeo Pink/Barely Rose/Dark Beetroot,CW7136-600
401,229,Lilac/Dark Smoke Grey/White/Metallic Silver,BQ5671-509
402,229,Midnight Navy/Orange/White,BQ5671-410
403,236,Black/Sail/Metallic Gold,CT2228-004
404,236,Blue Orbit/Lime Glow/Football Grey/White,CT2228-401
405,236,White/Black/White,CT2228-103
406,237,White/Black/Team Orange/Rush Pink,CZ0294-102
407,237,Pink Oxford/Light Soft Pink/Black/White,CZ0294-602
408,237,Light Bone/Black/White,CZ0294-002
409,237,White/Summit White/White,CZ0294-100
410,237,Black/White,CZ0294-001
411,238,Laser Orange/Total Orange/Bright Crimson/Black,DC0765-808
412,238,White/Volt/Bright Crimson,DC0765-167
413,240,Black/White/Marina/Washed Teal,CU7627-093
414,240,Black/Volt/White,CU7627-017
415,242,Off-Noir/Black/Pearl White/Orange Chalk,DM6439-045
416,242,Honeydew/Off-Noir/Oil Green/Copa,DM6439-343
417,243,Cool Grey/Black/White,CW7242-003
418,243,Black/Cement Grey/Fire,CW7242-001
419,244,Light Madder Root/Light Orewood Brown/Light Orewood Brown,CZ8027-811
420,244,Celestine Blue/Celestine Blue,CZ8027-400
421,246,Pure Violet/Violet Haze/Lilac/White,CZ8280-515
422,246,Light Soft Pink/Gypsy Rose/Dark Beetroot/Metallic Mahogany,CZ8280-669
423,246,Pure Platinum/Ashen Slate/Aluminium/Metallic Gold Coin,CZ8280-049
424,246,Multi-Colour/Multi-Colour/Multi-Colour/Multi-Colour,DJ7031-991
425,251,Barely Rose/Metallic Pewter/Photon Dust/Hydrogen Blue,BQ3207-604
426,251,Black/Cave Purple/Lilac/Hyper Pink,BQ3207-014
427,251,Summit White/Orange Pearl/White/Crimson Bliss,BQ3207-109
428,256,Rattan/Sail/Khaki/Chile Red,CV8122-200
429,256,Flat Pewter/White/Hasta/Black,CV8122-003
430,256,Chile Red/Cyber Teal/Black/White,CV8122-600
431,256,Sail/Black/White/Velvet Brown,CV8122-120
432,257,Black/Medium Blue/White/Marina,DA1351-045
433,257,Black/Archaeo Pink/White/Dark Beetroot,DA1351-001
434,258,Archaeo Brown/Black/White,DD1388-256
435,258,Off-Noir/Black/White,DD1388-045
436,259,Gypsy Rose/Sail,DD1498-622
437,259,Jade Smoke/Sail,DD1498-357
438,259,Black/Sail,DD1498-010
439,260,Midnight Navy/White,DD1206-410
440,260,Gypsy Rose/Black,DD1206-622
441,260,Black/White,DD1206-010
442,260,Jade Smoke/White,DD1206-357
443,262,Pink Oxford/Pink Oxford/Black,DD1427-601
444,262,Black/Black/Dark Smoke Grey,DD1427-010
445,263,Black/Dark Smoke Grey,CZ4440-011
446,263,Lime Ice/Rattan/Rattan/Rattan,CZ4440-303
447,263,Jade Smoke/Grey Haze/Grey Haze/Grey Haze,CZ4440-357
448,265,Gypsy Rose/Black,CZ4497-622
449,265,Black/White,CZ4497-010
450,266,Light Soft Pink/Pink Oxford/Sail/Light Soft Pink,DD1433-640
451,266,Black/Black,DD1433-010
452,266,White/White,DD1433-100
453,267,Black/Black/Dark Smoke Grey,DD1471-010
454,267,Bronze Eclipse/Bronze Eclipse/Gypsy Rose,DD1471-273
455,269,Barely Rose/Plum Dust,CJ0545-699
456,269,Geode Teal/Midnight Turquoise,CJ0545-381
457,269,Summit White/Platinum Tint,CJ0545-121
458,269,Pink Oxford/Light Soft Pink,CJ0545-601
459,269,Diffused Blue/Obsidian Mist,CJ0545-491
460,269,Black/Dark Smoke Grey,CJ0545-010
461,270,Archaeo Pink/Archaeo Pink,DD7958-622
462,270,Black/Black,DD7958-010
463,271,Black/Black/Dark Smoke Grey,CZ4452-010
464,271,Ghost/Ashen Slate/Black,CZ4452-057
465,271,Pale Coral/Bright Citron/Pale Coral/Pale Coral,CZ4452-838
466,272,Black/Black/White/White,CN3719-010
467,272,Pink Glaze/Elemental Pink/White,CN3719-631
468,272,Smoke Grey/Pure/Black/White,CN3719-084
469,274,Black/Black/Black/White,CZ4457-010
470,274,Copa/Midnight Navy/Glacier Ice/White,CZ4457-482
471,275,Copa/White,CU8250-482
472,275,Black/Black/White,CU8250-010
473,277,Black/White,BV3637-010
474,277,Worn Blue/White,BV3637-495
475,277,Jade Smoke/White,BV3637-357
476,280,Midnight Navy/Black,DD1142-410
477,280,Black/White,DD1142-010
478,281,Bronze Eclipse/Redstone,DD2322-273
479,281,Black/Dark Smoke Grey,DD2322-010
480,283,Rough Green,DD6895-326
481,283,Black/Court Blue,DD6895-011
482,284,Cave Stone,DH7543-289
483,284,Black,DH7543-010
484,286,University Red/Black,DA0282-657
485,286,Black/White,DA0282-010
486,289,Ash Green,DH7538-058
487,289,Anthracite,DH7538-060
488,290,Celestine Blue/Heather/College Grey,DD7057-438
489,290,Black,DD7057-010
490,290,Light Mulberry/Heather/Cave Purple,DD7057-533
491,291,Laser Orange/Black/Laser Orange/Black,CW6103-845
492,291,Dark Marina Blue/Black/Dark Marina Blue/Black,CW6103-407
493,291,Orange/Orange/Total Orange/Total Orange,CW6103-869
494,291,Black/White/White/White,CW6103-010
495,293,Thunder Blue,DD3350-437
496,293,Black,DD3350-010
497,295,Gypsy Rose/Regal Pink,DD4687-622
498,295,Venice/Violet Haze,DD4687-511
499,297,Photon Dust/Orange,DD6202-025
500,297,Off-Noir/Photon Dust,DD6202-045
501,298,Black,DD4489-010
502,298,Seafoam,DD4489-017
503,299,White,DO6159-100
504,299,Black,DO6159-010
505,300,Black,DM2350-010
506,300,White,DM2350-100
507,306,University Red,DO3420-657
508,306,Black,DO3420-010
509,306,Armoury Navy,DO3420-454
510,307,Habanero Red/Dynamic Turquoise,DD1704-634
511,307,Lobster/Black,DD1704-605
512,307,Black/Iron Grey,DD1704-010
513,310,Black,DM2348-010
514,310,White,DM2348-100
515,311,Game Royal/Black,DJ2623-480
516,311,Black/Varsity Red,DJ2623-010
517,312,White,DM2463-100
518,312,Black,DM2463-010
519,313,Pink Oxford/Sail,DD6811-601
520,313,Black/Atomic Orange,DD6811-010
521,313,Indigo Haze/Cave Purple,DD6811-520
522,317,Black/Cool Grey/White,DC8980-010
523,317,Blue Void/White,DC8980-492
524,318,Volt/Bright Citron,CZ9386-702
525,318,Hyper Pink/Black,CZ9386-639
526,319,Black/Dark Smoke Grey/Pure,DD6144-010
527,319,Thunder Blue/Game Royal/Pure,DD6144-437
528,321,Hyper Royal,DD6014-405
529,321,Black,DD6014-010
530,321,Roma Green,DD6014-372
531,323,Black/Heather,DM0086-010
532,323,Lime Ice/Heather,DM0086-303
533,325,Black/Bright Crimson/Black,DD5316-010
534,325,Pale Coral/Black/Black,DD5316-864
535,327,Black/Dark Smoke Grey,DD5546-010
536,327,Cactus Flower/Villain Red,DD5546-564
537,329,Black/Metallic Gold,DO3796-010
538,329,Cedar/Metallic Gold,DO3796-661
539,329,White/Metallic Gold,DO3796-100
540,330,White,DH3826-100
541,330,Black,DH3826-010
542,331,Seafoam,DD6046-017
543,331,Black,DD6046-010
544,332,White,DM2446-100
545,332,Black,DM2446-010
546,334,Black/Anthracite/White,DD1900-010
547,334,Green Noise/Green Noise/Total Orange,DD1900-350
548,335,Khaki/Black/Chile Red,DA6693-247
549,335,Black/Photon Dust/Chile Red,DA6693-010
550,335,Brigade Blue/Black/Chile Red,DA6693-453
551,336,Hemp,DH0221-200
552,336,College Grey,DH0221-033
553,337,Black,DH7536-010
554,337,White/Green Noise,DH7536-100
555,338,Cinnabar,DJ6073-671
556,338,Summit White,DJ6073-100
557,339,Dark Grey Heather,DN4570-063
558,339,Black,DN4570-010
559,342,Archaeo Brown/Pink Oxford,DD6822-256
560,342,Pink Oxford/Sail,DD6822-601
561,350,Fossil/Bright Crimson,CZ8183-238
562,350,Black/Gym Red,CZ8183-010
563,350,Gym Red/White,CZ8183-657
564,357,Gypsy Rose/Cedar,DD5068-622
565,357,Sail/Rattan,DD5068-133
566,357,Black/Copa,DD5068-010
567,358,White,DJ1394-100
568,358,Black,DJ1394-010
569,359,Rift Blue/Polar/Photon Dust,DD5277-415
570,359,Off-Noir/Photon Dust/Photon Dust,DD5277-045
571,363,Black,DM2468-010
572,363,White,DM2468-100
573,364,Celestine Blue/Heather/College Grey,DD6998-438
574,364,Black/Gym Red,DD6998-010
575,364,Light Mulberry/Heather/Cave Purple,DD6998-533
576,365,University Gold,DJ6704-739
577,365,White,DJ6704-100
578,366,Sport Spice/White,DD5432-816
579,366,Black/White,DD5432-010
580,368,Black/Orange/White,DC9079-011
581,368,Blue Void/White,DC9079-492
582,369,Crimson Bliss/Arctic Orange,DJ6572-693
583,369,Black/Dark Smoke Grey,DJ6572-010
584,371,White/Black,DA2694-100
585,371,Gym Red/Black,DA2694-687
586,373,Dark Beetroot/Heather/Night Maroon,CJ9327-638
587,373,Black/Dark Smoke Grey,CJ9327-010
588,375,Grey Heather/Black,DM2387-050
589,375,Seafoam/Heather/Black,DM2387-017
590,375,Black/Heather/Black,DM2387-010
591,377,Redstone/Sport Spice,CZ9047-670
592,377,Black/Iron Grey,CZ9047-010
593,378,Green Noise/Green Noise/Total Orange,DD1716-350
594,378,Light Cognac/Sport Spice/Total Orange,DD1716-212
595,379,White,AO0624-100
596,379,Aluminium,AO0624-468
597,379,Orange Chalk,AO0624-734
598,381,Black/Metallic Silver,DD5020-010
599,381,Jade Smoke/Metallic Silver,DD5020-357
600,381,Pink Oxford/Metallic Silver,DD5020-601
601,385,Gypsy Rose,DM2686-622
602,385,Black,DM2686-010
603,392,Black,DM2803-010
604,392,White,DM2803-100
605,394,Pink Oxford/Light Soft Pink/White,CW4299-601
606,394,Dark Grey Heather/Black,CW4299-063
607,394,Black/Black,CW4299-010
608,394,Rattan/Khaki/White,CW4299-206
609,396,Black/Black/White,CV2500-010
610,396,Cinnabar/Cinnabar/White,CV2500-671
611,400,Volt/Bright Citron,CJ7836-702
612,400,White/Black,CJ7836-100
613,401,Team Red/University Red/Heather/Black,CZ1182-677
614,401,Noble Green/Green Noise/Heather/Black,CZ1182-333
615,401,Black/Smoke Grey/Heather/Black,CZ1182-010
616,403,Regal Pink/Copa/Black,DJ5824-695
617,403,Gypsy Rose/White,DJ5824-622
618,407,Black/Velvet Brown/Light Bone,DD1968-010
619,407,Washed Teal/Ash Green/Light Bone,DD1968-392
620,409,White,DM2264-100
621,409,Black,DM2264-010
622,410,White,DM2465-100
623,410,Dutch Blue,DM2465-469
624,412,Light Bordeaux/White,DD6479-507
625,412,Washed Teal/White,DD6479-392
626,412,Black/White,DD6479-010
627,412,Jade Smoke/White,DD6479-357
628,412,Gypsy Rose/White,DD6479-622
629,415,Pink Oxford,DD4343-601
630,415,Bronze Eclipse,DD4343-273
631,417,Black,DC9604-010
632,417,Grey Fog,DC9604-097
633,428,Active Pink/White,DD0639-621
634,428,Lime Ice/White,DD0639-303
635,428,Black/White,DD0639-010
636,428,Washed Teal/White,DD0639-392
637,428,Gypsy Rose/Heather/White,DD0639-622
638,428,Particle Grey/Heather/Black,DD0639-073
639,429,Volt/Heather,CZ9185-703
640,429,Black,CZ9185-013
641,429,Game Royal/Heather,CZ9185-482
642,429,Smoke Grey/Heather,CZ9185-084
643,433,White,DO6159-100
644,433,Black,DO6159-010
645,436,Game Royal/Black,DJ2623-480
646,436,Black/Varsity Red,DJ2623-010
647,442,Khaki/Black/Chile Red,DA6693-247
648,442,Black/Photon Dust/Chile Red,DA6693-010
649,442,Brigade Blue/Black/Chile Red,DA6693-453
650,443,Dark Grey Heather,DN4570-063
651,443,Black,DN4570-010
652,445,Celestine Blue/Heather/College Grey,DD6998-438
653,445,Black/Gym Red,DD6998-010
654,445,Light Mulberry/Heather/Cave Purple,DD6998-533
655,448,Pink Oxford/Light Soft Pink/White,CW4299-601
656,448,Dark Grey Heather/Black,CW4299-063
657,448,Black/Black,CW4299-010
658,448,Rattan/Khaki/White,CW4299-206
659,450,Regal Pink/Copa/Black,DJ5824-695
660,450,Gypsy Rose/White,DJ5824-622
661,452,Black,DC9604-010
662,452,Grey Fog,DC9604-097
663,454,Dark Beetroot/Dark Obsidian/Midnight Navy/Fusion Red,CZ9055-638
664,454,Orange/Signal Blue/Grey Fog/Green Glow,CZ9055-869
665,454,Dark Purple Dust/Black/Bronze Eclipse/University Gold,CZ9055-510
666,458,Black/White,DD6848-010
667,458,Jade Smoke/White,DD6848-357
668,460,Thunder Blue/Photon Dust/White/Total Orange,DD5968-437
669,460,Light Cognac/Pearl White/Hot Curry/Canvas,DD5968-212
670,461,Pink Glaze/White,DJ5819-630
671,461,Black/White,DJ5819-010
672,462,Black/White/White,DD4850-010
673,462,Light Green Spark/Signal Blue/Black,DD4850-362
674,463,Honeydew/Lime Ice/Sequoia/White,DA0002-343
675,463,Black/White,DA0002-010
676,465,Dutch Blue/Court Blue/White,DD6338-469
677,465,Black/Anthracite/White,DD6338-010
678,477,White/Metallic Copper,DA5994-100
679,477,Game Royal/Metallic Copper,DA5994-480
680,478,Sport Spice,DD7140-816
681,478,Black,DD7140-010
682,479,Lapis/Sapphire,CU5294-431
683,479,Black/Dark Smoke Grey,CU5294-010
684,479,Dark Beetroot/Night Maroon,CU5294-638
685,480,Black/Atomic Orange,DD6804-010
686,480,Indigo Haze/Cave Purple,DD6804-519
687,481,Gypsy Rose/Sail,DD5385-622
688,481,Black/Sail,DD5385-010
689,481,Bronze Eclipse/Sail,DD5385-273
690,484,Dark Grey Heather,DN4575-063
691,484,Black,DN4575-010
692,485,Midnight Navy/Heather/Midnight Navy/White,DD0248-411
693,485,Black/White,DD0248-010
694,486,Black/White,DD6836-010
695,486,Gypsy Rose/White,DD6836-622
696,488,Black/Laser Crimson/Copa,DM2322-010
697,488,Sapphire/Fire Pink/White,DM2322-500
698,489,Smoke Grey/Heather,CZ9241-084
699,489,Hasta,CZ9241-357
700,489,Black,CZ9241-010
701,495,Black,DM2204-010
702,495,Archaeo Brown,DM2204-256
703,497,Black/White,DD0253-010
704,497,Gypsy Rose/White,DD0253-622
705,497,Hasta/Heather/White,DD0253-387
706,499,Dark Beetroot/Night Maroon,DD5773-638
707,499,Black/Dark Smoke Grey,DD5773-010
708,501,Particle Grey/Sail/Ice Silver/Particle Grey,DD7035-073
709,501,Sandalwood/Sail/Ice Silver,DD7035-209
710,502,Black/Black,DD5095-010
711,502,Sail/Rattan,DD5095-133
712,504,Brown Basalt/Rush Orange,DD1721-203
713,504,Black/White,DD1721-010
714,505,Obsidian/Black,CU4950-451
715,505,Smoke Grey/Black,CU4950-084
716,505,Black/Black,CU4950-010
717,506,Archaeo Brown/Pink Oxford,DD6856-256
718,506,Black/Atomic Orange,DD6856-010
719,507,Burgundy Crush,DD6004-652
720,507,Black,DD6004-010
721,510,Black/Gypsy Rose/Metallic Silver,DO3801-010
722,510,Gypsy Rose/Pink Glaze/Metallic Silver,DO3801-622
723,511,Pomegranate/Dark Beetroot,CZ9239-690
724,511,Black,CZ9239-010
725,514,Ashen Slate/Light Mulberry,DM6828-493
726,514,Black/Khaki,DM6828-010
727,518,Orange/University Gold/University Gold,AR2383-869
728,518,Arctic Orange/White,AR2383-800
729,518,Black/White,AR2383-010
730,519,Black/Green Strike,CK0509-014
731,519,Game Royal/Heather,CK0509-480
732,520,Thunder Blue/Green Strike,CU8959-437
733,520,Black/White,CU8959-010
734,522,Roma Green,DD6050-372
735,522,Black,DD6050-010
736,524,Copa/Bleached Aqua/Sail,DD6954-482
737,524,Black/Dark Smoke Grey/Sail,DD6954-010
738,525,Blue Void/Deep Royal Blue/Volt/Volt,CW5848-492
739,525,Black/Anthracite/Total Orange/Total Orange,CW5848-014
740,526,Obsidian/White/White,CV1468-451
741,526,Blue Void/Volt/Deep Royal Blue,CV1468-493
742,526,Black/Total Orange/Orange,CV1468-015
743,526,Black/White/Iron Grey,CV1468-010
744,527,Copa/Rough Green/Wheat/Copa,CZ9053-482
745,527,Dark Beetroot/Dark Obsidian/Fusion Red,CZ9053-638
746,528,Brown Basalt/Rush Orange,DD1718-203
747,528,Court Blue/Volt,DD1718-476
748,528,Black/White,DD1718-010
749,529,Thunder Grey/Moon Particle/Black,DC2177-082
750,529,Black/Black/University Red,DC2177-010
751,531,Black/Iron Grey,DD1897-010
752,531,Green Noise/Brown Basalt,DD1897-350
753,536,Black/Iron Grey,DD1701-010
754,536,Iron Grey/Black,DD1701-068
755,538,Brown Basalt/Total Orange,CU4946-203
756,538,Rough Green/Green Strike,CU4946-326
757,538,Black/White,CU4946-010
758,538,Obsidian/White,CU4946-451
759,538,Smoke Grey/Black,CU4946-084
760,541,Black/White,DD5454-010
761,541,Pink Oxford/White,DD5454-601
762,544,University Red/Black/White/Black,CV1913-657
763,544,Black/Dark Smoke Grey/White/Dark Smoke Grey,CV1913-010
764,549,Ironstone/Ironstone/White,DD7015-004
765,549,Dark Grey Heather/White,DD7015-063
766,549,Black/Black/White,DD7015-010
767,550,Black/White,CJ7841-010
768,550,Hyper Pink/Black,CJ7841-639
769,553,Black/Laser Orange/Black/Laser Orange,CW6109-018
770,553,Black/White/White/White,CW6109-010
771,553,Blue Void/Blue Void/Volt/Volt,CW6109-492
772,555,Oil Green/Honeydew,DD6326-386
773,555,Off-Noir/Off-Noir,DD6326-045
774,558,Light Smoke Grey/Orange/Photon Dust,DD6297-077
775,558,Green Noise/Honeydew/Honeydew,DD6297-350
776,559,Campfire Orange/Black/White/Campfire Orange,DH9713-893
777,559,Black/White/Black,DH9713-010
778,560,University Red/White/Black/University Red,CV1924-657
779,560,Black/University Gold/Baltic Blue/Black,CV1924-014
780,564,Off-Noir/Iron Grey/Black,DD6970-045
781,564,Archaeo Brown/Archaeo Brown/Black,DD6970-256
782,565,Smoke Grey/White,DD1740-084
783,565,Khaki/Black,DD1740-247
784,566,Black/Atomic Orange,DD6816-010
785,566,Pink Oxford/Sail,DD6816-601
786,567,Binary Blue/University Red/White,DA4355-430
787,567,White/White/White,DA4355-100
788,568,Black/Black/Flat Gold,DA5706-011
789,568,Sail/Sail/Flat Gold,DA5706-133
790,570,Black,CJ5460-010
791,570,Iron Grey/Heather,CJ5460-068
792,572,Black/White/White,CW6133-010
793,572,Dark Marina Blue/Black/Black,CW6133-407
794,572,Black/Total Orange/Total Orange,CW6133-016
795,575,Celestine Blue,DC2162-438
796,575,Habanero Red,DC2162-634
797,576,Active Pink/White,CJ2243-621
798,576,Hemp/White,CJ2243-200
799,576,Black/White,CJ2243-010
800,578,Varsity Royal/White,SX4120-402
801,578,Midnight Navy/White,SX4120-401
802,578,White/Black,SX4120-101
803,578,Black/White,SX4120-001
804,581,Multi-Colour,SX5277-927
805,581,Multi-Colour,SX5277-928
806,583,Multi-Colour,CV2964-912
807,583,Multi-Colour,CV2964-909
808,585,Rough Green/White,DC3965-326
809,585,Black/White,DC3965-010
810,588,Black/Bright Crimson,DH2392-010
811,588,Gym Red/Fossil,DH2392-687
812,589,Black/Anthracite/White,DB0305-010
813,589,Base Grey/Black/White,DB0305-020
814,590,Seafoam/Seafoam/White,DB0488-017
815,590,Black/Black/White,DB0488-010
816,591,Medium Olive/Medium Olive/Medium Olive,DM5006-222
817,591,Black/Black/Black,DM5006-010
818,592,Black/Black/Mystic Hibiscus,DB0490-013
819,592,Iron Grey/Iron Grey/Black,DB0490-068
820,592,Midnight Navy/Midnight Navy/Pollen,DB0490-410
821,592,Black/Black/White,DB0490-010
822,593,Dark Smoke Grey/Dark Smoke Grey/Metallic Silver,BA6030-070
823,593,Midnight Navy/Midnight Navy,BA6030-410
824,593,Black/Black/White,BA6030-013
825,595,Marina/Marina/Siren Red,BA5559-404
826,595,Dark Smoke Grey/Dark Smoke Grey/Metallic Silver,BA5559-070
827,595,Black/Black/White,BA5559-013
828,597,Black,DM8310-010
829,597,Dark Russet,DM8310-246
830,598,Black/Black/Copa,DB3247-010
831,598,Copa/Copa/Black,DB3247-482
832,599,Matte Olive/Black/Cargo Khaki,DD0559-351
833,599,Midnight Navy/Midnight Navy/Pollen,DD0559-410
834,600,Light Marine/White/Blackened Blue,CQ7795-548
835,600,Sapphire/Blue Void/Volt,CQ7795-501
836,602,Sport Spice,DM8518-816
837,602,Light Army,DM8518-320
838,602,Black,DM8518-010
839,606,Light Marine/White/Blackened Blue,CQ7799-548
840,606,Chlorine Blue/Marina/Laser Orange,CQ7799-447
841,606,Black/White/White,CQ7799-010
